<?xml version="1.0" encoding="UTF-8"?>

<Warnings> 
  <Warning error="false" xpath="id('sv1#area1#page2#scu1')" rootXPath="id('sv1')" key="UNSPECIFIED_SORTING_ATTRIBUTE" label="Scroller Annunci"> 
    <Message>Sorting attribute are unspecified for the component 'Scroller Annunci'</Message> 
  </Warning>  
  <Warning error="false" xpath="id('sv1#area1#page2#inu9')" rootXPath="id('sv1')" key="NO_DISPLAY_ATTRIBUTES" label="Lista Annunci Filiale"> 
    <Message>No attributes to display are specified for the component 'Lista Annunci Filiale'</Message> 
  </Warning>  
  <Warning error="false" xpath="id('sv1#area1#page2#inu9')" rootXPath="id('sv1')" key="UNSPECIFIED_SORTING_ATTRIBUTE" label="Lista Annunci Filiale"> 
    <Message>Sorting attribute are unspecified for the component 'Lista Annunci Filiale'</Message> 
  </Warning> 
</Warnings>
