<?xml version="1.0" encoding="UTF-8"?>

<Warnings> 
  <Warning xpath="id('sv4#area17#opg13#dlu10#oln101')" rootXPath="id('sv4')" key="AUTOMATIC_COUPLING_WITHOUT_EFFECT" label="OKFlow52"> 
    <Message>Neither explicit nor implicit parameters' bindings could be found for the flow 'OKFlow52'</Message>  
    <Resolution class="com.webratio.ide.ui.resources.ChangeAttributeResolutionGenerator" attribute="automaticCoupling" value="">Remove the 'Automatic Coupling' property</Resolution> 
  </Warning>  
  <Warning xpath="id('sv4#area17#opg13#lpu2#oln104#par419')" rootXPath="id('sv4')" key="UNUSED_PASSING_PARAMETER" label="oid_PASSING"> 
    <Message>The passing parameter 'oid_PASSING' is declared but never used</Message>  
    <Resolution class="com.webratio.ide.ui.resources.RemoveElementResolutionGenerator">Remove the invalid link parameter 'sv4#area17#opg13#lpu2#oln104#par419'</Resolution> 
  </Warning>  
  <Warning xpath="id('sv4#area17#opg13#dlu10#kln89')" rootXPath="id('sv4')" key="AUTOMATIC_COUPLING_WITHOUT_EFFECT" label="KOFlow50"> 
    <Message>Neither explicit nor implicit parameters' bindings could be found for the flow 'KOFlow50'</Message>  
    <Resolution class="com.webratio.ide.ui.resources.ChangeAttributeResolutionGenerator" attribute="automaticCoupling" value="">Remove the 'Automatic Coupling' property</Resolution> 
  </Warning> 
</Warnings>
